level	title	summary
A1	Алфавиты сербского языка	Азбука (ћирилица) и латиница, правила чтения и фонетические особенности.
A1	Глагол бити (быть)	Полные и краткие формы в настоящем времени (јесам / сам), отрицание (нисам).
A1	Глагол хтети (хотеть) и будущие намерения	Настоящее время (хоћу / ћеш).
A1	Спряжение глаголов в Present (Настоящее время)	Три основные группы (-ам, -им, -ем).
A1	Род и число существительных	Мужской, женский и средний род; базовые правила образования множественного числа.
A1	Притяжательные и указательные местоимения	Мој, твој, наш; овај, тај, онај.
A1	Номинатив (именительный падеж)	Подлежащее в предложении, базовые формы имен.
A1	Аккузатив (винительный падеж) без предлогов	Прямое дополнение (неодушевленные и одушевленные существительные мужского рода).
A1	Локатив (предложный падеж) с предлогами у и на	Обозначение места (у граду, на столу).
A1	Генитив (родительный падеж) с предлогами из/изван/близу/од	Обозначение происхождения, принадлежности и отсутствия.
A1	Порядок слов в предложении	Позиция кратких форм глаголов и местоимений (энклитик) — правило второго места.
A1	Перфект (Прошло време / Перфекат)	Образование прошедшего времени с помощью бити + L-причастие (учио сам / учила сам).
A1	Конструкция да + Present	Замена инфинитива в сербском языке (Желим да учим).
A1	Вопросительные предложения и частицы	Конструкции с Да ли...? и предложение с помощью частицы ли.
A1	Количественные числительные (1–100)	Согласование чисел 1, 2, 3, 4 с существительными.
A2	Датив (дательный падеж)	Дательный падеж направления (идти к кому-то) и адресата (дати некоме).
A2	Инструментал (творительный падеж)	Творительный падеж компании (са пријатељем) и орудия действия (аутобусом).
A2	Вокатив (звательный падеж)	Формы обращения к людям и особенности их образования.
A2	Падежная система прилагательных	Склонение прилагательных по родам и падежам в единственном и множественном числе.
A2	Футур I (Футур први)	Образование будущего времени (радићу / ћеш радити) и формы с инфинитивом.
A2	Вид глагола (Свршени и несвршени глаголи)	Видовые пары (совершенный и несовершенный вид) и их употребление.
A2	Генитив множественного числа	Особенности окончаний (-а, -и) и беглое А (града, сати, девојака).
A2	Личные местоимения во всех падежах	Полные и краткие (энклитические) формы (мене/ме, теби/ти).
A2	Степени сравнения прилагательных	Сравнительная (компаратив) и превосходная (суперлатив) степени.
A2	Модальные глаголы	Употребление моћи, морати, смети, требати с конструкцией да + Present.
A2	Возвратные глаголы и частица се	Настоящие возвратные, взаимные и безличные глаголы.
A2	Порядковые числительные и даты	Образование и склонение порядковых числительных.
A2	Предлоги движения и места	Разница использования падежей при вопросах Куда? (Аккузатив) и Где? (Локатив).
A2	Повелительное наклонение (Императив)	Образование форм приказов и просьб (ради, радите, немој да...).
A2	Конструкция треба да / требало би	Выражение долга и необходимости.
B1	Порядок энклитик в предложении	Жесткая иерархия следования кратких форм местоимений и глаголов (Дао сам му је).
B1	Потенцијал (Сослагательное наклонение)	Условие и желание с помощью частицы би (ја бих радио, ти би радио...).
B1	Условные предложения (I и II тип)	Реальное условие (Ако...) и потенциальное условие (Кад би...).
B1	Футур II (Футур други)	Будущее предшествующее время в придаточных предложениях условий и времени (Ако будем имао...).
B1	Глагольный причастие настоящего времени (Глаголски прилог садашњи)	Деепричастие на -ћи (радећи, чинећи).
B1	Глагольный причастие прошедшего времени (Глаголски прилог прошли)	Деепричастие на -вши (урадивши, рекавши).
B1	Пассивный залог (Пасив)	Страдательный залог с причастием (-н/-т) и с помощью частицы се.
B1	Относительные местоимения	Склонение и употребление местоимений који, која, које в придаточных предложениях.
B1	Неопределенные и отрицательные местоимения	Образование с приставками не-, ни-, и- (неко, нико, ико) и их падежные формы.
B1	Отрицательные местоимения с предлогами	Особенность вставки предлога внутрь слова (ни са ким, ни о чему).
B1	Собирательные существительные и числительные	Использование слов браћа, деца, господа и числительных двоје, троје, двојица.
B1	Чередования звуков (Гласовне промене)	Палатализация, сибиляризация, гортанные согласные, беглое А, переход Л в О.
B1	Управление предлогов (Падежная семантика)	Сложные случаи предложно-падежного управления (напр. осим, упркос, путем).
B1	Косвенная речь (Индиректни говор)	Правила перевода прямой речи в косвенную и согласование времен/местоимений.
B1	Безличные предложения	Конструкции типа Хладно ми је, Свиђа ми се, Говори се.
B2	Аорист (Аорист)	Образование и стилистическое употребление мгновенного прошедшего времени в речи и литературе.
B2	Имперфект (Имперфекат)	Образование и контексты использования длительного прошедшего времени (архаичный/литературный пласт).
B2	Плюссквамперфект (Плусквамперфекат)	Давнопрошедшее время (био сам урадио) и его функция в контексте ретроспективы.
B2	Условные предложения (III тип)	Нереальное условие в прошлом (Да сам знао, дошао бих).
B2	Сложные союзы и союзные слова	Употребление союзов будући да, будући да је, будући да су, с обзиром на то да, пре него што, након што.
B2	Определенный и неопределенный вид прилагательных	Разница между добар човек и добри човек и их склонение.
B2	Словообразование существительных	Суффиксы професий, абстрактных понятий, уменьшительно-ласкательные и увеличительные формы.
B2	Словообразование глаголов	Приставочный способ изменения значения глагола и смена вида.
B2	Модальные частицы и экспрессивы	Нюансы значений частиц па, бре, ваљда, бар, чак, тек, дакле.
B2	Сложносочиненные предложения	Соединительные, противоположные, разделительные, градационные союзы (не само... већ и).
B2	Сложноподчиненное предложение	Целевые, причинные, уступительные и следственные придаточные предложения.
B2	Плеоназмы и эллипсисы	Стилистические фигуры и допустимые опускания элементов речевой структуры.
B2	Глаголы движения с приставками	Разница значений приставок у-, из-, про-, до-, од-, при-, пре- с глаголами движения.
B2	Согласование сказуемого с составным подлежащим	Правила согласования, когда подлежащее выражено собирательными числительными или списками разных родов.
B2	Особенности использования инфинитива vs. да + Present	Региональные и стилистические различия (сербский норматив предпочитает да + Present, но инфинитив используется в определенных синтаксических конструкциях).
C1	Синтаксис деепричастных оборотов	Правила предотвращения синтаксической несогласованности подлежащего и деепричастия (абсолютные конструкции).
C1	Семантика и стилистика падежных синонимов	Взаимозаменяемость предложно-падежных конструкций (ради + Genitive vs. зато што).
C1	Историческая грамматика в современном языке	Остаточные явления двойственного числа (две руке), реликтовые формы склонений.
C1	Синтаксический статус энклитик в сложных академических предложениях	Порядок энклитик при наличии глубоких вводных и придаточных конструкций.
C1	Сложные явления акцентологии	Четыре типа сербских ударений, правила переноса ударения на предлог (у град -> у́град).
C1	Стилистическое использование Аориста и Имперфекта	Экспрессивная функция в современной художественной прозе и публицистике.
C1	Абстрактная и метафорическая падежная семантика	Нестандартное использование локатива, творительного и родительного падежей в фразеологизмах.
C1	Синтаксис инфинитивных и безличных оборотов в юридическом/официальном стиле	Специфика Службеног гласника и документов.
C2	Заимствования и их грамматическая адаптация	Интеграция англицизмов и интернационализмов в сербскую морфологию и систему спряжения/склонения.
C2	Пуризм и языковая норма (Стандардизација)	Различия между литературной нормой (стандардни српски) и разговорной / диалектной речью.
C2	Вариантивность (Екавица vs. Ијекавица)	Систематические грамматические и фонетические правила перевода текста из екавицы в ијекавицу (млеко/млијеко, дете/дијете/дјеце).
C2	Сложное согласование по смыслу (Constructio ad sensum)	Грамматический анализ синтаксического согласования вопреки формальной морфологии.
C2	Синтаксис уступительных и кондициональных конструкций высшего порядка	Использование архаичных союзов (макар, премда, акопаче).
C2	Пунктуация в сложносочиненных и сложноподчиненных предложениях	Особенности правил постановки запятых в сербском языке (отличия от русской пунктуации).
C2	Фразеосинтаксис	Устойчивые синтаксические схемы разговорной речи, не поддающиеся стандартному грамматическому разбору.
